Motivation, Author
"My name is Celaena Sardothien,"" she whispered, ""and I will not be afraid.”","Sarah J. Maas, The Assassin's Blade"
Loneliness and the feeling of being unwanted is the most terrible poverty.”,Mother Teresa
Let us live so that when we come to die even the undertaker will be sorry.”,Mark Twain
"“The universe is big, its vast and complicated, and ridiculous. And sometimes, very rarely, impossible things just happen and we call them miracles. And that's the theory. Nine hundred years, never seen one yet, but this would do me.”",Steven Moffat
There is no more profitable investment than investing in yourself. It is the best investment you can make; you can never go wrong with it. It is the true way to improve yourself to be the best version of you and lets you be able to best serve those around you.”,"Roy T. Bennett, The Light in the Heart"
"The future was one thing that could never be broken, because it had not yet had the chance to be anything.”","Sarah Dessen, Saint Anything"
"Watch for the thing that will show itself to you. Because that thing, when you find it, will be your future.”","Arthur Golden, Memoirs of a Geisha"
"We do not remember days, we remember moments.”",Cesare Pavese
At the moment of commitment the entire universe conspires to assist you.”,Johann Wolfgang von Goethe
Don't bother just to be better than your contemporaries or predecessors. Try to be better than yourself.”,William Faulkner
"Sometimes it comes down to a choice,"" Magnus said. ""Between saving one person and saving the whole world. I've seen it happen, and I'm selfish enough to want the person who loves me to choose me. But Nephilim wil always choose the world. I look at Alec and I feel like Lucifer in Paradise Lost. 'Abashed the Devil stood, And felt how awful goodness is.' He meant it in the classical sense. 'Awful' as in inspiring awe. And awe is well and good, but it's poison to love. Love has to be between equals.""""He's just a boy,"" said Luke. ""Alec--he's not perfect. And you're not fallen."" ""We're all fallen,"" said Magnus, and he wrapped himself up in his chains and was silent.”","Cassandra Clare, City of Heavenly Fire"
It is our wounds that create in us a desire to reach for miracles. The fulfillment of such miracles depends on whether we let our wounds pull us down or lift us up towards our dreams.”,"Jocelyn Soriano, Mend My Broken Heart"
"Don't let anyone take care of you. Can you maybe leave that for me to do? I mean, take care of you? Feel free to take care of me in return... because I think I'll need you to do that.”","Melina Marchetta, The Piper's Son"
“The tears of the world are a constant quantity. For each one who begins to weep somewhere else another stops. The same is true of the laugh.”,"Samuel Beckett, Waiting for Godot"
"A child may not know how to feed itself, or what to eat, yet it knows hunger.”","Daniel Keyes, Flowers for Algernon"
"“Status quo, you know, is Latin for 'the mess we're in'.”",Ronald Reagan
"“When people don't express themselves, they die one piece at a time.”","Laurie Halse Anderson, Speak"
"Go out in the woods, go out. If you don't go out in the woods nothing will ever happen and your life will never begin.”","Clarissa Pinkola Estés, Women Who Run With the Wolves: Myths and Stories of the Wild Woman Archetype"
"There was another life that I might have had, but I am having this one.”",Kazuo Ishiguro
Imagination is everything. It is the preview of life's coming attractions.”,Albert Einstein
"We are all worms, But I do believe that I am a glow worm.”","Winston S. Churchill, Never Give In!: The Best of Winston Churchill's Speeches"
Realize deeply that the present moment is all you will ever have.”,Eckhart Tolle
"It is books that are a key to the wide world; if you can't do anything else, read all that you can.”",Jane Hamilton
"There is great change to be experienced once you learn the power of letting go. Stop allowing anyone or anything to control, limit, repress, or discourage you from being your true self! Today is YOURS to shape - own it - break free from people and things that poison or dilute your spirit.”","Steve Maraboli, Unapologetically You: Reflections on Life and the Human Experience"
Music is the literature of the heart; it commences where speech ends.”,Alphonse de Lamartine
"Atticus, he was real nice.""""Most people are, Scout, when you finally see them.”","Harper Lee, To Kill a Mockingbird"
"Changing your outside world cannot make you happy if you are an unhappy person. The real personal change can only happen from the inside out. If you firstly create the change within yourself, you can turn your life around.”","Roy T. Bennett, The Light in the Heart"
A thing worth having is a thing worth cheating for.”,W.C. Fields
“younot wanting mewasthe beginning of mewanting myselfthank you”,Nayyirah Waheed
You never change your life until you step out of your comfort zone; change begins at the end of your comfort zone.”,Roy T. Bennett
She had become accustomed to being lonely. She was used to walking alone and to being considered 'different.' She did not suffer too much.”,"Betty Smith, A Tree Grows in Brooklyn"
"So early in my life, I had learned that if you want something, you had better make some noise.","Malcolm X, The Autobiography Of Malcolm X"
"“To love and win is the best thing.To love and lose, the next best.”",William Makepeace Thackeray
"Step follows step,Hope follows Courage,Set your face towards danger,Set your heart on victory.”","Gail Carson Levine, The Two Princesses of Bamarre"
A graceful refusal is better than a lengthy promise.”,Hazrat Ali Ibn Abu-Talib A.S
"Great heroes need great sorrows and burdens, or half their greatness goes unnoticed. It is all part of the fairy tale.”","Peter S. Beagle, The Last Unicorn"
"Only after disaster can we be resurrected. It's only after you've lost everything that you're free to do anything. Nothing is static, everything is evolving, everything is falling apart.”","Chuck Palahniuk, Fight Club"
"I kept always two books in my pocket, one to read, one to write in.”","Robert Louis Stevenson, Essays of Robert Louis Stevenson"
“If you dont have any shadows you're not in the light”,Lady Gaga
"“Until you step into the unknown, you don’t know what you’re made of.”",Roy T. Bennett
“A smart person knows how to talk. A wise person knows when to be silent.”,Roy T. Bennett
"“How much time he gains who does not look to see what his neighbour says or does or thinks, but only at what he does himself, to make it just and holy.”","Marcus Aurelius, Meditations"
“With our thoughts we make the world.”,Buddha
"“Scars show us where we have been, they do not dictate where we are going.”",David Rossi
“What a wonderful life I’ve had! I only wish I’d realized it sooner.”,Colette
“Life might take you down different roads. But each of you gets to decide which one to take.”,"Gayle Forman, If I Stay"
"“Dream your own dreams, achieve your own goals. Your journey is your own and unique.”","Roy T. Bennett, The Light in the Heart"
“Nothing great was ever achieved without enthusiasm.”,Ralph Waldo Emerson
"“Life is ours to be spent, not tobe saved.”",D.H. Lawrence
"“Too much sanity may be madness — and maddest of all: to see life as it is, and not as it should be!”","Dale Wasserman, Man of La Mancha"
"“And if these mountains had eyes, they would wake to find two strangers in their fences, standing in admiration as a breathing red pours its tinge upon earth's shore. These mountains, which have seen untold sunrises, long to thunder praise but stand reverent, silent so that man's weak praise should be given God's attention.”","Donald Miller, Through Painted Deserts: Light, God, and Beauty on the Open Road"
"“So many people walk around with a meaningless life. They seem half-asleep, even when they're busy doing things they think are important. This is because they're chasing the wrong things. The way you get meaning into your life is to devote yourself to loving others, devote yourself to your community around you, and devote yourself to creating something that gives you purpose and meaning.”","Mitch Albom, Tuesdays with Morrie"
“Always dream and shoot higher than you know you can do. Do not bother just to be better than your contemporaries or predecessors. Try to be better than yourself.”,William Faulkner
“We must live together as brothers or perish together as fools.”,Martin Luther King Jr.
"“After sleeping through a hundred million centuries we have finally opened our eyes on a sumptuous planet, sparkling with color, bountiful with life. Within decades we must close our eyes again. Isn’t it a noble, an enlightened way of spending our brief time in the sun, to work at understanding the universe and how we have come to wake up in it? This is how I answer when I am asked—as I am surprisingly often—why I bother to get up in the mornings.”",Richard Dawkins
“Let go of something old that no longer serves you to make room for something new.”,"Roy T. Bennett, The Light in the Heart"
"“I am seeking, I am striving, I am in it with all my heart.”",Vincent van Gogh
“The hardest battle you are ever going to have to fight is the battle to be just you.”,Leo Buscaglia
"“For those who know the value of and exquisite taste of solitary freedom (for one is only free when alone), the act of leaving is the bravest and most beautiful of all.”","Isabelle Eberhardt, The Nomad: The Diaries of Isabelle Eberhardt"
"“Ever since happiness heard your name, it has been running through the streets trying to find you.”",Hafez
“Life before Death.Strength before Weakness.Journey before Destination.”,"Brandon Sanderson, The Way of Kings"
"“I heard a definition once: Happiness is health and a short memory! I wish I'd invented it, because it is very true.”",Audrey Hepburn
"“Forget yesterday - it has already forgotten you. Don't sweat tomorrow - you haven't even met. Instead, open your eyes and your heart to a truly precious gift - today.”","Steve Maraboli, Life, the Truth, and Being Free"
"“Do not yearn to be popular; be exquisite. Do not desire to be famous; be loved. Do not take pride in being expected; be palpable, unmistakable.”",C. JoyBell C.
“It takes a huge effort to free yourself from memory”,"Paulo Coelho, Aleph"
"“In the beginner’s mind there are many possibilities, but in the expert’s there are few”","Shunryu Suzuki, Zen Mind, Beginner's Mind: Informal Talks on Zen Meditation and Practice"
"“Best not to look back. Best to believe there will be happily ever afters all the way around - and so there may be; who is to say there will not be such endings? Not all boats which sail away into darkness never find the sun again, or the hand of another child; if life teaches anything at all, it teaches that there are so many happy endings that the man who believes there is no God needs his rationality called into serious question..”",Stephen King
“It does not matter how slowly you go so long as you do not stop.”,Andy Warhol
"“Feet, what do I need them forIf I have wings to fly.”",Frida Kahlo
“You can't go home again”,Thomas Wolfe
“It is easy in the world to live after the world's opinion; it is easy in solitude to live after our own; but the great man is he who in the midst of the crowd keeps with perfect sweetness the independence of solitude.”,"Ralph Waldo Emerson, The Complete Prose Works of Ralph Waldo Emerson"
“How much you can learn when you fail determines how far you will go into achieving your goals.”,"Roy T. Bennett, The Light in the Heart"
“Just because you can doesn't mean you should.”,Sherrilyn Kenyon
"“It's okay to be a loser, it just depends on how good you are at being one.”",Billie Joe Armstrong
“Difficulties increase the nearer we get to the goal.”,Johann Wolfgang von Goethe
“We could never learn to be brave and patient if there were only joy in the world”,Helen Keller
"“My name is Celaena Sardothien,"" she whispered, ""and I will not be afraid.”","Sarah J. Maas, The Assassin's Blade"
"“There, peeping among the cloud-wrack above a dark tor high up in the mountains, Sam saw a white star twinkle for a while. The beauty of it smote his heart, as he looked up out of the forsaken land, and hope returned to him. For like a shaft, clear and cold, the thought pierced him that in the end the Shadow was only a small and passing thing: there was light and high beauty for ever beyond its reach.”","J.R.R. Tolkien, The Return of the King"
“We cannot be sure of having something to live for unless we are willing to die for it.”,Che Guevara
“Many of life's failures are people who did not realize how close they were to success when they gave up.”,Thomas A. Edison
“Sometimes the most beautiful people are beautifully broken.”,robert m drake
"“We are all worms, But I do believe that I am a glow worm.”","Winston S. Churchill, Never Give In!: The Best of Winston Churchill's Speeches"
"“You don’t have to be great to start, but you have to start to be great.”",Zig Ziglar
"Dream big, start small, but most of all, start.”",Simon Sinek
The man who removes a mountain begins by carrying away small stones.”,William Faulkner
"The critical ingredient is getting off your butt and doing something. It’s as simple as that. A lot of people have ideas, but there are few who decide to do something about them now.”",Nolan Bushnell
"People may doubt what you say, but they will believe what you do.”",Lewis Cass
“I know how it looks. But just start. Nothing is insurmountable.”,Lin-Manuel Miranda
It does not matter how slowly you go as long as you do not stop.”,Confucius
Be not afraid of growing slowly; be afraid only of standing still.”,Chinese Proverb
“Now is the operative word. Everything you put in your way is just a method of putting off the hour when you could actually be doing your dream. You don’t need endless time and perfect conditions. Do it now. Do it today. Do it for twenty minutes and watch your heart start beating.”,— Barbara Sher
There is only one proof of ability: action.”,Marie Ebner-Eschenbach
“Follow effective action with quiet reflection. From the quiet reflection will come even more effective action.”,James Levin
“Only put off until tomorrow what you are willing to die having left undone.”,Pablo Picasso
"“You are what you do, not what you say you do.”",— Carl Jung
Never confuse motion with action.”,Benjamin Franklin
"“If you spend too much time thinking about a thing, you’ll never get it done.”",Bruce Lee
“Every day do something that will inch you closer to a better tomorrow.”,Doug Firebaugh
“Small deeds done are better than great deeds planned.”,Peter Marshall
"“The most important key to achieving great success is to decide upon your goal and launch, get started, take action, move.”",Brian Tracy
"“You can’t be that kid standing at the top of the waterslide, overthinking it. You have to go down the chute.”",Tina Fey
“Little by little does the trick.”,Aesop
“Someday is not a day of the week.”,Janet Dailey
“The elevator to success is out of order. You’ll have to use the stairs… one step at a time.”,Joe Girard
"“Action is a great restorer and builder of confidence. Inaction is not only the result, but the cause, of fear.”",Norman Vincent Peale
“I’d rather regret the things I’ve done than regret the things I haven’t done.”,Lucille Ball
“The secret of getting things done is to act!”,Dante Alighieri
“An idea not coupled with action will never get any bigger than the brain cell it occupied.”,Arnold Henry Glasow
“A journey of a thousand miles begins with a single step.”,Lao Tzu
“One hundred percent of the shots you don’t take don’t go in.”,Wayne Gretzky
"“Inaction breeds doubt and fear. Action breeds confidence and courage. If you want to conquer fear, do not sit home and think about it. Go out and get busy.”",Dale Carnegie
“The way to get started is to quit talking and begin doing.”,Walt Disney
"“Take time to deliberate, but when the time for action has arrived, stop thinking and go in.”",Napolean Bonaparte
Right now a moment of time is passing by… we must become that moment.”,Paul Cezanne
“Nothing happens until something moves.”,Albert Einstein
"“Don’t try to rush progress. Remember, a step forward, no matter how small, is a step in the right direction. Keep believing.”",Kara Goucher
Go for it now. The future is promised to no one.”,Wayne Dyer
"“There are only two rules for being successful. One, figure out exactly what you want to do, and two, do it.”",Mario Cuomo
The greatest amount of wasted time is the time not getting started.”,Dawson Trotman
“A year from now you will wish you had started today.”,Unknown
The smallest deed is better than the grandest intention.”,Unknown 
"“Be great in act, as you have been in thought.”",Shakespeare
Take the first step in faith. You don’t have to see the whole staircase; just take the first step.”,Martin Luther King Jr.
“The only impossible journey is the one you never begin.”,Tony Robbins
Success seems to be connected with action. Successful people keep moving. They make mistakes but don’t quit.”,Conrad Hilton
“Every action you take is a vote for the type of person you wish to become.”,James Clear
"“Be content to act, and leave the talking to others.”",Baltasar Gracian
“It is better to take many small steps in the right direction than to make a great leap forward only to stumble backward.”,Chinese Proverb
Some of us are busy doing things; some of us are busy complaining.”,Debasish Mridha
"Wake up early and tackle the day before it tackles you. Be on offense, not defense.”",Evan Carmichael
"For any movement to gain momentum, it must start with a small action.”",Adam Braun
"The most effective way to do it, is to do it.”",Amelia Earhart
Act as if everything you do makes a difference. It does.”,William James
“Decisions decide destiny. There is no action without decision.”,Tony Robbins
"“Though no one can go back and make a brand new start, anyone can start from now and make a brand new ending.”",Unknown
"The truth is, unless you let go, unless you forgive yourself, unless you forgive the situation, unless your realize the situation is over, you cannot move forward.”",Steve Maraboli
"Today I will do what others won't, so tomorrow I can accomplish what others can't.”",Jerry Rice
"“The secret of getting ahead is getting started. The secret of getting started is breaking your complex, overwhelming tasks into small manageable tasks, and then starting on the first one.”",Unknown 
"Try not. Do, or do not. There is no try.”",Yoda
The most difficult thing is the decision to act; the rest is merely tenacity.”,Amelia Earhart
"You never know what's around the corner. It could be everything. Or it could be nothing. You keep putting one foot in front of the other, and then one day you look back and you've climbed a mountain.”",Tom Hiddleston
Don’t watch the clock; do what it does. Keep going.”,Sam Levenson
Infuse your life with action. Don't wait for it to happen. Make it happen. Make your own future.”,Bradley Whitford
Act the way that you want to feel.”,Gretchen Rubin
Even a snail will eventually reach its destination.”,Gail Tsukiyama
"You cannot plow a field by turning it over in your mind. To begin, begin.”",Gorden B. Hickley
"“I think a lot of people dream. And while they are busy dreaming, the really happy people, the really successful people, the really interesting, powerful, engaged people? Are busy doing.”",Shonda Rhimes
"If you have a great ambition, take as big a step as possible in the direction of fulfilling it. The step may only be a tiny one, but trust that it may be the largest one possible for now.”",Mildred McAfee
It is easy to sit up and take notice. What is difficult is getting up and taking action.”,Al Batt
The only difference between where you are and where you want to be is the steps you haven’t taken yet.”,Hayley Solich
“One workout at a time. One day at a time. One meal at a time.”,Chalene Johnson
Life is like riding a bicycle. To keep your balance you must keep moving.,Albert Einstein
“The beginning is always today.”,Mary Shelley
“Attitude: It is our best friend or our worst enemy.”,John C. Maxwell
"It is our attitude at the beginning of a difficult task which, more than anything else, will affect its successful outcome.”",William James
A healthy attitude is contagious but don’t wait to catch it from others. Be a carrier.”,Tom Stoppard
"“Everyone faces defeat. It may be a stepping-stone or a stumbling block, depending on the mental attitude with which it is faced.”",Napoleon Hill
The optimist sees the donut; the pessimist sees the hole.”,Oscar Wilde
A cloudy day is no match for a sunny disposition.”,William Arthur Ward
"“Attitude is everything, so pick a good one.”",Wayne Dyer
"“It’s actually cool to be positive and optimistic and idealistic. It’s cool to see yourself doing beautiful, great things.”",Tom DeLonge
Attitude is a little thing that makes a big difference.”,Winston Churchill
Nothing can stop the man with the right mental attitude from achieving his goal; nothing on earth can help the man with the wrong mental attitude.”,Thomas Jefferson
A strong positive attitude will create more miracles than any wonder drug.”,Patricia Neal
The last of the human freedoms is to choose one’s attitude in any given set of circumstances.”,Victor Frankl
You cannot have a positive life and a negative mind.”,Joyce Meyer
"You cannot control what happens to you, but you can control your attitude toward what happens to you, and in that, you will be mastering change rather than allowing it to master you.”",Brian Tracy
Whether a glass is half full or half empty depends on the attitude of the person looking at it.”,Unknown
Choosing to be positive and having a grateful attitude is going to determine how you're going to live your life.”,Joel Osteen
"Optimism is a happiness magnet. If you stay positive, good things and good people will be drawn to you.”",Mary Lou Retton
The world of achievement has always belonged to the optimist.”,J. Harold Wilkins
“Your attitude determines your altitude!”,Wayne Dyer
"Take the attitude of a student… never be too big to ask questions, never know too much to learn something new.”",Maya Angelou
"Values are related to our emotions; just as we practice physical hygiene to preserve our physical health, we need to observe emotional hygiene to preserve a healthy mind and attitudes.”",Dalai Lama
Our attitude towards life determines life’s attitude towards us.”,John Mitchell
Having a positive mental attitude is asking how something can be done rather than saying it can’t be done.”,Bo Bennett
"“If we have the attitude that it’s going to be a great day, it usually is.”",Catherine Pulsifer
Ability is what you’re capable of doing. Motivation determines what you do. Attitude determines how well you do it.”,Lou Holtz
Optimism is the faith that leads to achievement; nothing can be done without hope and confidence.”,Helen Keller
"The greatest revolution of our generation is the discovery that human beings, by changing the inner attitudes of their minds, can change the outer aspects of their lives.”",William James
The most important thing you’ll ever wear is your attitude.”,Jeff Moore
"Our lives are not determined by what happens to us but how we react to what happens, not by what life brings us but the attitude we bring to life.”",Wade Boggs
“Optimism is a perfectly legitimate response to failure.”,Stephen King
"The positive thinker sees the invisible, feels the intangible, and achieves the impossible.”",Winston Churchill
Optimism is a choice. Kindness is a choice. Giving is a choice. Respect is a choice. Whatever choice you make makes you. Choose wisely.”,Roy T. Bennett
"No pessimist ever discovered the secrets of the stars, or sailed to an uncharted island, or opened a new heaven to the human spirit.”",Helen Keller
Perpetual optimism is a force multiplier.”,Colin Powell
"If you don’t like something, change it. If you can’t change it, change your attitude. Don’t complain.”",Maya Angelou
"“Sooner or later, the man who wins is the man who thinks he can.”",Vince Lomardi
"Choose the positive. You have a choice. You are the master of your attitude. Choose the positive, the constructive.”",Bruce Lee
Optimist: someone who figures that taking a step backward after taking a step forward is not a disaster; it’s more like a cha-cha.”,Robert Brault
Believe and act as if it were impossible to fail.”,Charles F. Kettering
"Almost every successful person begins with two beliefs: the future can be better than the present, and I have the power to make it so.”",David Brooks
"As soon as you trust yourself, you will know how to live.”",Johann Wolfgang von Goethe
“It’s not who you think you are that holds you back; it’s who you think you’re not.”,Unknown 
“Keep your eyes on the stars and your feet on the ground.”,Theodore Roosevelt
"“Let your hopes, not your hurts, shape your future.”",Robert Schuller
"First thing every morning before you arise, say out loud, ‘I believe’, three times.”",Norman Vincent Peale
"If I could give one tip for people – it’s not an exercise or nutrition regimen. It’s to walk your talk and believe in yourself, because at the end of the day, the dumbbell and diet don’t get you in shape. It’s your accountability to your word.”",Brett Hoebel
"Trust because you are willing to accept the risk, not because it’s safe or certain.”",Unknown
“Northing is impossible; the word itself says ‘I’m possible’!”,Audrey Hepburn
Hope fills the holes of my frustration in my heart.”,Emanuel Cleaver
Believe while others are doubting.,William Arthur Ward
"Magic is believing in yourself. If you can make that happen, you can make anything happen.”",Johann Wolfgang von Goethe
Most of the important things in the world have been accomplished by people who have kept on trying when there seemed to be no hope at all.”,Dale Carnegie
As you learn to trust yourself something miraculous happens. You begin to trust the process you are living and the miracles life brings!”,Iyanla Vanzant
Believe in yourself. Trust the process. Change forever.”,Bob Harper
Optimism is the faith that leads to achievement. Nothing can be done without hope and confidence.”,Helen Keller
Never lose hope. There are always possibilities if you just look for them.”,Catherine Pulsifer
"“Faith is taking the first step, even when you don’t see the whole staircase.”",Martin Luther King Jr.
"Close your eyes and imagine the best version of you possible. That’s who you really are. Now, let go of any part of you that doesn’t believe it.”",Chris Assad
"When you do things the right way, it will take longer; just trust the process!”",Hopal Green
"Once we believe in ourselves, we can risk curiosity, wonder, spontaneous delight, or any experience that reveals the human spirit.”",E.E. Cummings
Hope is a waking dream.”,Aristotle
"""You can have anything you want if you are willing to give up the belief that you can't have it.""",Dr. Robert Anthony
It always seems impossible until it’s done.”,Nelson Mandela
“Believe in yourself! Have faith in your abilities! Without a humble but reasonable confidence in your own powers you cannot be successful or happy.”,Norman Vincent Peale
Too many people overvalue what they are not and undervalue what they are.”,Malcolm S. Forbes
"“If you believe it will work out, you will see opportunities. If you believe it won’t, you will see obstacles.”",Wayne Dyer
"Hope lies in dreams, in imagination, and in the courage of those who dare to make dreams into reality.”",Jonas Salk
“There was never a night or a problem that could defeat sunrise or hope.”,Bernard Williams
Within you right now is the power to do things you never dreamed possible. This power becomes available to you just as soon as you can change your beliefs.”,Dr. Maxwell Maltz
Trust in the process as you journey through life in all its emotional highs and lows knowing each moment is sacred and that your soul is safe.”,Anna-Thea
"Sooner or later, those who win are those who think they can.” ­",Paul Tournier
"In fact, hope is best gained after defeat and failure, because then inner strength and toughness is produced.”",Fritz Knapp
Hope is being able to see that there is light despite all of the darkness.”,Desmond Tutu
"“Trust yourself. You know more than you think you do.""",Benjamin Spock
Believe you can and you’re halfway there.”,Theodore Roosevelt
"“To accomplish great things, we must not only act, but also dream, not only plan, but also believe.”",Anatole France
"“Trust yourself. You've survived a lot, and you'll survive whatever is coming.”",Robert Tew
I don't believe you have to be better than everybody else. I believe you have to be better than you ever thought you could be.”,Ken Venturi
I would rather have a mind opened by wonder than closed by belief.”,Gerry Spence
"We must accept finite disappointment, but never lose infinite hope",Martin Luther King Jr
I learned that you have to push away the demand of people’s expectations by believing in your instincts.”,Stefano Pilati
"Hope is important because it can make the present moment less difficult to bear. If we believe that tomorrow will be better, we can bear a hardship today.”",Thich Nhat Hanh
"When someone tells me ‘no’, it doesn’t mean I can’t do it. It simply means I can’t do it with them.”",Karen E. Quinones Miller
I know people that believe in ghosts but don’t believe in themselves.”,Mitch Hedberg
"Create the highest, grandest vision possible for your life, because you become what you believe.”",Oprah Winfrey
"Whether you think you can or can’t, you’re right.”",Henry Ford
“Every negative belief weakens the partnership between mind and body.”,Deepak Chopra
Believe in your infinite potential. Your only limitations are those you set upon yourself.”,Roy T. Bennett
Self trust is the essence of heroism.”,Ralph Waldo Emerson
“In any given moment we have two options: to step forward into growth or step back into safety.”,Abraham Maslow
People don’t resist change. They resist being changed.”,Peter Senge
You will never change your life until you change something you do daily.”,Mike Murdock
Move out of your comfort zone. You can only grow if you are willing to feel awkward and uncomfortable when you try something new.”,Brian Tracy
It’s not that some people have willpower and some don’t. It’s that some people are ready to change and others are not.”,James Gordon
"Change is possible, but it must start with self-acceptance.”",Alexander Lowen
The key to change… is to let go of fear.”,Rosanne Cash
"If you don’t like something, change it. If you can’t change it, change your attitude. Don’t complain.”",Maya Angelou
"When we are no longer able to change a situation, we are challenged to change ourselves.”",Viktor Frankl
"If we’re growing, we’re always going to be out of our comfort zone.”",John Maxwell
Be bold. Be confident. Be alive. A gallery of possibilities awaits you when you make change your friend.”,Bob Bone
"Don't go through life, grow through life.",Eric Butterworth
Progress is impossible without change.”,Walt Disney
"You must take personal responsibility. You cannot change the circumstances, the seasons, or the wind, but you can change yourself.”",Jim Rohn
"The easier it is to do, the harder it is to change.”",Eng’s Principle
"The secret of change is to focus all of your energy, not on fighting the old, but on building the new.”",Socrates
"If we don’t change, we don’t grow. If we don’t grow, we aren’t really living.”",Gail Sheehy
"Be not afraid of growing slowly, be afraid only of standing still.”",Chinese Proverb
"If you focus on results, you will never change. If you focus on change, you will get results.”",Jack Dixon
"“Willpower can produce short-term change, but it creates constant internal stress because you haven’t dealt with the root cause.”",Rick Warren
There's only one growth strategy: work hard.”,William Hague
Be patient with yourself. You are growing stronger every day. The weight of the world will become lighter... and you will begin to shine brighter. Don't give up.”,Robert Tew
“Sometimes the winds of change are a hurricane.”,Derek Sivers
“Change begins at the end of your comfort zone.”,Roy T. Bennett
"When you blame others, you give up your power to change.”",Dr. Robert Anthony
"Grant me the serenity to accept the things I cannot change, courage to change the things I can, and wisdom to know the difference.”",Modified Serenity Prayer
"If you always do what you’ve always done, you’ll always get what you’ve always got.”",Henry Ford
Our only security is our ability to change.”,John Lilly
The world as we have created it is a process of our thinking. It cannot be changed without changing our thinking.”,Albert Einstein
Old ways won’t open new doors.”,Unknown
You cannot expect to achieve new goals or move beyond your present circumstances unless you change.”,Les Brown
“Expect change. Analyze the landscape. Take the opportunities. Stop being the chess piece; become the player. It’s your move.”,Tony Robbins
"If it doesn’t challenge you, it doesn’t change you.”",Unknown
"You cannot control what happens to you, but you can control your attitude toward what happens to you, and in that, you will be mastering change rather than allowing it to master you.”",Brian Tracy
"The curious paradox is that when I accept myself just as I am, then I can change.”",Carl Rogers
"“Change is hard at first, messy in the middle and gorgeous at the end.”",Unknown
“Habits are the compound interest of self-improvement… the same way that money multiplies through interest.”,James Clear
The first step toward change is awareness. The second step is acceptance.”,Nathaniel Branden
There is nothing noble about being superior to some other man. The true nobility is in being superior to your previous self.”,Ernest Hemingway
"We delight in the beauty of the butterfly, but rarely admit the changes it has gone through to achieve that beauty.”",Maya Angelou
“Insanity: doing the same thing over and over again and expecting different results.”,Albert Einstein
“Not everything that is faced can be changed. But nothing can be changed until it is faced.”,James Baldwin
Change is never painful; only resistance to change is painful.”,Buddha
"I think that we have to realize that times of stress are also times that are signals for growth, and if we use adversity properly, we can grow through adversity.”",Abraham J. Twerski
"“Quite often we change our jobs, friends and spouses instead of changing ourselves.”",Akbarali H. Jetha
"I don’t think anyone can grow unless he’s loved exactly as he is now, appreciated for what he is rather than what he will be.”",Mister Rogers
"You cannot change your destination overnight, but you can change your direction overnight.”",Jim Rohn
“Life changes fast. Life changes in the instant… the ordinary instant.”,Joan Didion
Comfort can be dangerous. Comfort provides a floor but also a ceiling.”,Trevor Noah
"Change is painful, but nothing is as painful as staying stuck somewhere you don’t belong.”",Mandy Hale
Life is an ongoing process of choosing between safety (out of fear and need for defense) and risk (for the sake of progress and growth). Make the growth choice a dozen times a day.”,Abraham Maslow
A mind that is stretched by a new experience can never go back to its old dimensions.”,"Oliver Wendell Holmes, Jr."
Improvement isn’t inevitable. Change is.”,Unknown
A bird is safe in its nest - but that is not what its wings are made for.”,Amit Ray
Sometimes the place you are used to is not the place you belong.”,William Wheeler
Life will only change when you become more committed to your dreams than you are to your comfort zone.”,Billy Cox
Awareness is the greatest agent for change.”,Eckhart Tolle
"May your choices reflect your hopes, not your fears.”",Nelson Mandela
"To change a habit, make a conscious decision, then act out the new behavior.”",Maxwell Maltz
Every day brings new choices.”,Martha Beck
"There are two primary choices in life: to accept conditions as they exist, or accept the responsibility for changing them.”",Denis Waitley
"If you chase two rabbits, both will escape.”",Unknown
One day or day one. You decide.”,Unknown
A goal without a plan is just a wish.”,Larry Elder
"Habit is habit and not to be flung out of the window by any man, but coaxed downstairs a step at a time.”",Mark Twain
What you get by achieving your goals is not as important as what you become by achieving your goals.”,Henry David Thoreau
You can’t do it all yourself. Don’t be afraid to rely on others to help you accomplish your goals.”,Oprah Winfrey
You are never too old to set another goal or to dream a new dream.”,C.S. Lewis
You will never leave where you are. until you decide where you’d rather be.”,Dexter Yager
"The most important key to achieving great success is to decide upon your goal and launch, get started, take action, move.”",John Wooden
Motivation is what gets you started. Habit is what keeps you going.”,Jim Rohn
Nothing can stop the man with the right mental attitude from achieving his goal; nothing on earth can help the man with the wrong mental attitude.”,Thomas Jefferson
The unfortunate thing about this world is that good habits are so much easier to give up than bad ones.”,Somerset Maugham
"The big secret in life is that there is no secret. Whatever your goal, you can get there if you’re willing to work.”",Oprah Winfrey
"People with clear, written goals, accomplish far more in a shorter period of time than people without them could ever imagine.”",Brian Tracy
“A habit is something you can do without thinking - which is why most of us have so many of them.”,Frank A. Clark
"Habit is second nature, or rather, ten times nature.”",William James
There is no such thing as a self-made man. You will reach your goals only with the help of others.”,George Shinn
A dream is just a dream. A goal is a dream with a plan and a deadline.”,Harvey Mackay
A dream becomes a goal when action is taken toward its achievement.”,Bo Bennett
This one step - choosing a goal and sticking to it - changes everything.”,Scott Reed
"“Bad habits are like a comfortable bed - easy to get into, but hard to get out of.”",Unknown
"Feeling sorry for yourself, and your present condition is not only a waste of energy but the worst habit you could possibly have.”",Dale Carnegie
"We are what we repeatedly do. Excellence, then, is not an act, but a habit.”",Aristotle
You must have long-range goals to keep you from being frustrated by short-range failures.”,Charles C. Noble
First we form habits; then they form us. Conquer your bad habits or they will conquer you.”,Robert Gilbert
A goal properly set is halfway reached.”,Zig Ziglar
"“Your goals, minus your doubts, equal your reality.”",Ralph Marston
"If what you are doing is not moving you towards your goals, then it’s moving you away from your goals.”",Brian Tracy
"If a goal is worth having, it’s worth blocking out the time in your day-to-day life necessary to achieve it.”",Jill Koenig
People with goals succeed because they know where they’re going.”,Earl Nightingale
You cannot expect to achieve new goals or move beyond your present circumstances unless you change.”,Les Brown
Setting goals is the first step in turning the invisible into the visible.”,Tony Robbins
Give your goals all you’ve got and you’ll be amazed at the energy that comes out of you.”,William James
A nail is driven out by another nail. Habit is overcome by habit.”,Erasmus
"And once you understand that habits can change, you have the freedom and the responsibility to remake them.”",Charles Duhigg
You will never change your life until you change something you do daily.”,Mike Murdock
Successful people are simply those with successful habits.”,Brian Tracy
"If you chase two rabbits, both will escape.”",Unknown
"“When I feel tired, I just think about how great I will feel once I finally reach my goal.”",Michael Phelps
Don’t be afraid to be ambitious about your goals. Hard work never stops. Neither should your dreams.”,Dwayne Johnson
"Decide whether or not the goal is worth the risks involved. If it is, stop worrying.”",Amelia Earhart
"If you don’t separate yourself from your distractions, your distractions will separate you from your goals and the life you want.”",Unknown
Our health always seems much more valuable after we lose it.”,Unknown
"“By choosing healthy over skinny, you are choosing self-love over self-judgment.”",Steve Maraboli
"“Being a healthy woman isn’t about getting on a scale or measuring your waistline. We need to start focusing on what matters - on how we feel, and how we feel about ourselves.”",Michelle Obama
Life expectancy would grow by leaps and bounds if green vegetables smelled as good as bacon.”,Doug Larson
"Seek to be whole, not perfect.”",Oprah Winfrey
Take care of your body. It’s the only place you have to live.”,Jim Rohn
Health is a relationship between you and your body.,Terri Guillemets
"Learn to relax. Your body is precious, as it houses your mind and spirit. Inner peace begins with a relaxed body.”",Norman Vincent Peale
Health is wealth.”,Ralph Waldo Emerson
"Be healthy and take care of yourself, but be happy with the beautiful things that make you, you.”",Beyonce
"Your body is a temple, but only if you treat it as one.”",Astrid Alauda
Healthy is an outfit that looks different on everybody,Unknown
"The secret to living well is: eat half, walk double, laugh triple, and love without measure.”",Tibetan proverb
"I still need more healthy rest in order to work at my best. My health is the main capital I have, and I want to administer it intelligently.”",Ernest Hemingway
A man too busy to take care of his health is like a mechanic too busy to take care of his tools.”,Spanish Proverb
"If we take good care of ourselves, we help everyone.”",Thich Nhat Hanh
"Health is a state of complete physical, mental and social well-being, and not merely the absence of disease or infirmity.”",World Health Organization
Health is like money. We never have a true idea of its value until we lose it.”,Josh Billings
You can enjoy life and be healthy at the same time.”,Unknown
"Wellness, I came to realize, will not happen by accident. It must be a daily practice, especially for those of us who are more susceptible to the oppressiveness of the world.”",Jenna Wortham
Happiness is the highest form of health.”,Dalai Lama
“Procrastination is one of the most common and deadliest of diseases and its toll on success and happiness is heavy.”,Wayne Dyer
"The most healthy thing is to be true to your own self… but also, that you have a right to express what you see and what you feel and what you think. To be bold. To be as bold with your vision as you can possibly be.”",Alice Walker
"“It is confidence in our bodies, minds, and spirits that allows us to keep looking for new adventures.”",Oprah Winfrey
“Stop trying to fix your body. It was never broken.”,Even Ensler
"When health is absent, wisdom cannot reveal itself, art cannot become manifest, strength cannot be exerted, wealth is useless, and reason is powerless.”",Herophilus
"Life is not merely to be alive, but to be well.”",Marcus Valerius Martialis
"Keeping your body healthy is an expression of gratitude to the whole cosmos - the trees, the clouds, everything.”",Thích Nhat Hanh
Small helpings. Sample a little bit of everything. These are the secrets of happiness and good health.”,Julia Child
A healthy outside starts from the inside.”,Robert Urich
“Every negative belief weakens the partnership between mind and body.”,Deepak Chopra
I believe that the greatest gift you can give your family and the world is a healthy you.”,Joyce Meyer
"The more we see health as a practice rather than as a problem to fix, the more we encourage the body’s natural potential to be healthy.”",Aarti Patel
"Values are related to our emotions, just as we practice physical hygiene to preserve our physical health, we need to observe emotional hygiene to preserve a healthy mind and attitudes.”",Dalai Lama
Your body can stand almost anything. It’s your mind that you have to convince.”,Andrew Murphy
“Just because you're not sick doesn't mean you're healthy.”,Unknown
"Living a healthy lifestyle will only deprive you of poor health, lethargy, and fat.”",Jill Johnson
"Stop spending all day obsessing, cursing, perfecting your body like it’s all you’ve got to offer the world. Your body is not your art, it’s your paintbrush.”",Glennon Doyle
A man’s health can be judged by which he takes two at a time – pills or stairs.”,Joan Welsh
"You know you’ve reached middle age when you’re cautioned to slow down by your doctor, instead of by the police.”",Joan Rivers
Today is your opportunity to build the tomorrow you want.”,Ken Poirot
Expect change. Analyze the landscape. Take the opportunities. Stop being the chess piece; become the player. It’s your move.”,Tony Robbins
Within our dreams and aspirations we find opportunities.”,Sugar Ray Leonard
Self-acceptance opens up more possibilities of succeeding because you aren’t fighting yourself along the way.”,Shannon Ables
"If opportunity doesn’t knock, build a door.”",Milton Berle
“A wise man will make more opportunities than he finds.”,Francis Bacon
"To succeed, jump as quickly at opportunities as you do at conclusions.”",Benjamin Franklin
"If you believe it will work out, you will see opportunities. If you believe it won’t, you will see obstacles.”",Wayne Dyer
"A dream is the bearer of a new possibility, the enlarged horizon, the great hope.”",Howard Thurman
The pessimist sees difficulty in every opportunity. The optimist sees opportunity in every difficulty.”,Winston Churchill
Don’t wait for the right opportunity; create it.”,George Bernard Shaw
Every new day begins with possibilities.”,Ronald Reagan
Success is where preparation and opportunity meet.”,Bobby Unser
Don’t be pushed by your problems; be led by your dreams.”,Ralph Waldo Emerson
“Opportunity is missed by most people because it is dressed in overalls and looks like work.”,Thomas Edison
The Wright brothers flew right through the smoke screen of impossibility.”,Charles F. Kettering
“The path from dreams to success does exist.”,Kalpana Chawla
Your big opportunity may be right where you are now.”,Napoleon Hill
“We all have possibilities we don't know about. We can do things we don't even dream we can do.”,Dale Carnegie
Every experience is an opportunity to learn and grow.”,Unknown
"“I am neither an optimist nor pessimist, but a possibilist.”",Max Lerner
"“Failure is simply the opportunity to begin again, this time more intelligently.”",Henry Ford
Opportunity is everywhere. The key is to develop the vision to see it.”,Unknown
Victory comes from finding opportunities in problems.”,Sun Tzu
The optimist turns the impossible into the possible; the pessimist turns the possible into the impossible.”,William Arthur Ward
In the middle of every difficulty lies opportunity.”,Albert Einstein
"Everything negative – pressure, challenges – is all an opportunity for me to rise.”",Kobe Bryant
Do you know what my favorite part of the game is? The opportunity to play.”,Mike Singletary
"Create the highest, grandest vision possible for your life, because you become what you believe.”",Oprah Winfrey
"“If your dream isn’t bigger than you, there’s a problem with your dream.”",Deion Sanders
I'd rather regret the risks that didn't work out than the chances I didn't take at all.”,Simone Biles
"“If you think a thing is impossible, you’ll only make it impossible.”",Bruce Lee
Each day is a new opportunity. I chose to make this day a great one.,Louise Hay
"Until you’re ready to look foolish, you’ll never have the possibility of being great.”",Cher
The key to realizing a dream is to focus not on success but on significance. Then even the small steps and little victories along your path will take on greater meaning.”,Oprah Winfrey
Never lose hope; there are always possibilities if you just look for them.”,Catherine Pulsifer
You have to have confidence in your vision or else no one else will trust in it.”,Mary Katrantzou
“Everything you can imagine is real.,Pablo Picasso
"To be happy, drop the words ‘if only’ and substitute instead the words ‘next time’.”",Smiley Blanton
Happiness is not something ready made. It comes from your own actions.”,Dalai Lama
Believe in yourself! Have faith in your abilities! Without a humble but reasonable confidence in your own powers you cannot be successful or happy.”,Norman Vincent Peale
"If you want to be happy, do not dwell in the past, do not worry about the future, focus on living fully in the present.”",Roy T. Bennett
Success is getting what you want; happiness is wanting what you get.”,W. P. Kinsella
Be happy with what you have while working for what you want.”,Helen Keller
"“It’s never too late - never too late to start over, never too late to be happy.”",Jane Fonda
"When one door of happiness closes, another opens; but often we look so long at the closed door that we do not see the one which has been opened for us.”",Helen Keller
"Be healthy and take care of yourself, but be happy with the beautiful things that make you, you.”",Beyonce
"“A happy person is not a person in a certain set of circumstances, but rather a person with a certain set of attitudes.”",Hugh Downs
Action may not always bring happiness; but there is no happiness without action.”,Benjamin Disraeli
“It isn't what you have or who you are or where you are or what you are doing that makes you happy or unhappy. It is what you think about it.”,Dale Carnegie
"Above all, be true to yourself, and if you cannot put your heart in it, take yourself out of it.”",Unknown
"Gratitude is one of the sweet shortcuts to finding peace of mind and happiness inside. No matter what is going on outside of us, there’s always something we could be grateful for.”",Barry Neil Kaufman
Procrastination is one of the most common and deadliest of diseases and its toll on success and happiness is heavy.”,Wayne Dyer
"“A happy life consists not in the absence, but in the mastery of hardships.”",Helen Keller
"Because suffering is impermanent, that is why we can transform it. Because happiness is impermanent, that is why we have to nourish it.”",Thich Nhat Hanh
The greatest source of happiness is the ability to be grateful at all times.”,Zig Ziglar
She began to measure herself in contentment and laughter rather than pounds and inches.”,Unknown
"Any path you choose will likely be full of ups and downs, so choose the ones that bring you the most joy and make you feel most alive.”",Hilary Swank
For every minute you are angry you lose sixty seconds of happiness.”,Ralph Waldo Emerson
The reality was my life wasn’t miserable because I was curvy; I was miserable because I thought I’d be happier if I were thinner.”,Brittany Gibbons
Life goes by fast. Enjoy it. Calm down. It’s all funny.”,Joan Rivers
True happiness is to enjoy the present without anxious dependence on the future.”,Lucius Annaeus Seneca
You can’t hate yourself happy. You can’t criticize yourself thin. You can’t shame yourself worthy. Real change begins with self-love and self-care.”,Jessica Ortner
We all smile in the same language.,Unknown
Serenity is knowing that your worst shot is still pretty good.”,Johnny Miller
Peace is a journey of a thousand miles and it must be taken one step at a time.”,Lyndon B. Johnson
"“If others hurt you, let the injury go. This is your test. If you let it go, you will find serenity.”",Wayne Dyer
"“Learn to relax. Your body is precious, as it houses your mind and spirit. Inner peace begins with a relaxed body.”",Norman Vincent Peale
We can never obtain peace in the outer world until we make peace with ourselves.”,Dalai Lama
"Tension is who you think you should be, relaxation is who you are.""",Chinese Proverb
It isn’t enough to talk about peace. One must believe in it. And it isn’t enough to believe in it. One must work at it.”,Eleanor Roosevelt
Peace begins with a smile.”,Mother Teresa
"Grant me the serenity to accept the things I cannot change, courage to change the things I can, and wisdom to know the difference.”",
“Let go or be dragged.”,Zen Proverb
“A stumble may prevent a fall.”,English Proverb
A bend in the road is not the end of the road… unless you fail to make the turn.”,Helen Keller
It’s not the mistakes in life that are important; it’s what we learn from them.”,Donna Guthrie
"You will face many defeats in life, but never let yourself be defeated.”",Maya Angelou
Life is full of obstacle illusions.”,Grant Frazier
"“If you find a path with no obstacles, it probably doesn’t lead anywhere.”",Unknown
“You don’t drown by falling in the water. You drown by staying there.”,Unknown
"“Obstacles don’t have to stop you. If you run into a wall, don’t turn around and give up. Figure out how to climb it, go through it, or work around it.”",Michael Jordan
"“The way I see it, if you want the rainbow, you gotta put up with the rain.”",Dolly Parton
The significant problems we face cannot be solved by the same level of thinking that created them.”,Albert Einstein
“Sometimes the winds of change are a hurricane.,Derek Sivers
“Stand up to your obstacles and do something about them. You will find that they haven’t half the strength you think they have.”,Norman Vincent Peale
“Don’t be discouraged. It’s often the last key in the bunch that opens the lock.”,Unknown
"“When defeat comes, accept it as a signal that your plans are not sound. Rebuild those plans, and set sail once more toward your coveted goal.”",Napoleon Hill
“You may have to fight a battle more than once to win it.”,Margaret Thatcher
Obstacles are those frightening things you see when you take your eyes off the goal.”,Henry Ford
"“Don’t wait until everything is just right. It will never be perfect. There will always be challenges, obstacles and less than perfect conditions. So what. Get started now. With each step you take, you will grow stronger and stronger, more and more skilled, more and more self-confident and more and more successful.”",Mark Victor Hansen
“Stumbling is not falling.”,Portuguese Proverb
“Negative results are just what I want. They’re just as valuable to me as positive results. I can never find the thing that does the job best until I find the ones that don’t.”,Thomas Edison
"“Fall seven times, stand up eight.”",Japanese Proverb
"“Even if you fall on your face, you’re still moving forward.”",Robert C. Gallagher
"“Sometimes when you’re in a dark place you think you’ve been buried, but you’ve actually been planted.”",Christine Caine
“The next best thing to winning is losing! At least you’ve been in the race.”,Nellie Hershey Tullis
“The road to success is dotted with many tempting parking places.”,Unknown
"“Our greatest glory consists not in never falling, but in rising every time we fall.”",Oliver Goldsmith
"“I have not failed. I’ve just found 10,000 ways that won’t work.”",Thomas Edison
"“Everyone faces defeat. It may be a stepping-stone or a stumbling block, depending on the mental attitude with which it is faced.”",Napoleon Hill
"“Just when the caterpillar thought the world was ending, he turned into a butterfly.”",Proverb
“Every strike brings me closer to the next home run.”,Babe Ruth
“I have learned that success is to be measured not so much by the position that one has reached in life as by the obstacles overcome while trying to succeed.”,Booker T. Washington
“I am not afraid of storms for I am learning how to sail my ship.”,Louise May Alcott
"“The difficulties of life are intended to make us better, not bitter.”",Unknown
“This too will pass.”,Persian Proverb
“Nobody’s going to win all the time. On the highway of life you can’t always be in the fast lane.”,Haruki Murakami
“Most people spend more time and energy going around problems than in trying to solve them.”,Henry Ford
"“If you believe it will work out, you will see opportunities. If you believe it won’t, you will see obstacles.”",Wayne Dyer
“The person that tried his best and failed is superior to the person who never tried.”,Bud Wilkinson
“Great difficulties may be surmounted by patience and perseverance.”,Abigail Adams
"“Sometimes, when you fall, you fly.”",Neil Gaiman
“You don’t overcome challenges by making them smaller but by making yourself bigger.”,John C. Maxwell
“Every cloud has a silver lining.”,John Milson
“In three words I can sum up everything I’ve learned about life. It goes on.”,Robert Frost
“To be successful you must accept all challenges that come your way. You can’t just accept the ones you like.”,Mike Gafka
“You must have long-range goals to keep you from being frustrated by short-range failures.”,Charles C. Noble
"“In every difficult situation is potential value. Believe this, then begin looking for it.”",Norman Vincent Peale
“Still I rise.”,Maya Angelou
“The only real failure in life is one not learned from.”,Anthony J. D’Angelo